[{"model": "auth.user", "fields": {"password": "pbkdf2_sha256$1200000$0HGx43ZGlQ0CZwhF8oMPfT$aT9bS6sTardip6HJyE4wsB8ma4Ulfvr0X+4s15Dz/wc=", "last_login": "2025-12-09T00:49:07.570Z", "is_superuser": true, "username": "admin", "first_name": "", "last_name": "", "email": "admin@example.com", "is_staff": true, "is_active": true, "date_joined": "2025-12-09T00:47:20.233Z", "groups": [], "user_permissions": []}}, {"model": "elections.election", "pk": 1, "fields": {"name": "HCADAA FYs 2025-2027 Officers", "description": "Holy Cross Academy of Digos Alumni Association officers election", "nomination_start": "2025-12-09T01:00:00Z", "nomination_end": "2025-12-09T01:05:00Z", "voting_start": "2025-12-09T01:06:00Z", "voting_end": "2025-12-09T01:10:00Z", "results_at": "2025-12-09T01:12:00Z", "auto_publish_results": true, "results_published": true, "results_published_at": "2025-12-09T01:12:01.964Z", "is_active": true, "mode": "timeline", "demo_phase": null, "created_at": "2025-12-09T00:47:16.445Z", "updated_at": "2025-12-09T00:47:16.445Z"}}, {"model": "elections.position", "pk": 1, "fields": {"election": 1, "name": "president", "is_active": true, "seats": 1, "display_order": 0}}, {"model": "elections.position", "pk": 2, "fields": {"election": 1, "name": "vp_internal", "is_active": true, "seats": 1, "display_order": 1}}, {"model": "elections.position", "pk": 3, "fields": {"election": 1, "name": "vp_external", "is_active": true, "seats": 1, "display_order": 2}}, {"model": "elections.position", "pk": 4, "fields": {"election": 1, "name": "secretary", "is_active": true, "seats": 1, "display_order": 3}}, {"model": "elections.position", "pk": 5, "fields": {"election": 1, "name": "treasurer", "is_active": true, "seats": 1, "display_order": 4}}, {"model": "elections.position", "pk": 6, "fields": {"election": 1, "name": "auditor", "is_active": true, "seats": 1, "display_order": 5}}, {"model": "elections.position", "pk": 7, "fields": {"election": 1, "name": "pro", "is_active": true, "seats": 1, "display_order": 6}}, {"model": "elections.voter", "pk": 1, "fields": {"voter_id": "HCAD-0001", "name": "Giovanni Kish Basilgo", "batch_year": 1998, "campus_chapter": "Main Campus", "email": "president@hcadaa.org", "phone": "09170000001", "privacy_consent": true, "pin": "pbkdf2_sha256$1000000$bn6f1nLhpVLjoCgiYWtdzo$GrtLSQwci0oYuXWHRAizgnWNxy8EiDYVRjO9Otla7vA=", "has_voted": false, "is_active": true, "session_token": null, "created_at": "2025-12-09T00:47:16.544Z", "updated_at": "2025-12-09T00:47:17.416Z"}}, {"model": "elections.voter", "pk": 2, "fields": {"voter_id": "HCAD-0002", "name": "Lyzle Mahinay", "batch_year": 1999, "campus_chapter": "Digos Chapter", "email": "comelec@hcadaa.org", "phone": "09170000002", "privacy_consent": true, "pin": "pbkdf2_sha256$1000000$h58Zr84JkYYYFAkhkxJBUV$ZV/5X1pS16IqG5sPGFQ1HhZu1j5lQfXiUrSAT0Tk0Pw=", "has_voted": false, "is_active": true, "session_token": null, "created_at": "2025-12-09T00:47:17.441Z", "updated_at": "2025-12-09T00:47:18.342Z"}}, {"model": "elections.voter", "pk": 3, "fields": {"voter_id": "HCAD-0003", "name": "Sample Alumna", "batch_year": 2005, "campus_chapter": "USA Chapter", "email": "sample1@example.com", "phone": "09170000003", "privacy_consent": true, "pin": "pbkdf2_sha256$1000000$L1mnoc3KNUqUj6p8jjGlO8$zKchr8VWL9Ez94NAinvVVoS3WuRpsAyLcLrWZtcYhLo=", "has_voted": false, "is_active": true, "session_token": null, "created_at": "2025-12-09T00:47:18.377Z", "updated_at": "2025-12-09T00:47:19.236Z"}}, {"model": "elections.voter", "pk": 4, "fields": {"voter_id": "HCAD-0004", "name": "Sample Alumnus", "batch_year": 2006, "campus_chapter": "Davao Chapter", "email": "sample2@example.com", "phone": "09170000004", "privacy_consent": true, "pin": "pbkdf2_sha256$1000000$6OuijDQlJwEkSY90BsmIlU$hQCPK2Y6JhOQxv2bAmEFhEvUuJNfGNeFy3lbb2I0Yn4=", "has_voted": false, "is_active": true, "session_token": null, "created_at": "2025-12-09T00:47:19.247Z", "updated_at": "2025-12-09T00:47:20.113Z"}}, {"model": "elections.voter", "pk": 5, "fields": {"voter_id": "HCAD-4840", "name": "Juan dela Cruz", "batch_year": 1997, "campus_chapter": "Digos City", "email": "", "phone": "", "privacy_consent": true, "pin": "", "has_voted": false, "is_active": true, "session_token": "ba8bcb1f-d718-43c0-9453-dd2b0d7adde7", "created_at": "2025-12-09T00:55:05.797Z", "updated_at": "2025-12-09T00:55:05.797Z"}}, {"model": "elections.voter", "pk": 6, "fields": {"voter_id": "HCAD-4451", "name": "EMERSON AGAN", "batch_year": 2004, "campus_chapter": "Digos City", "email": "", "phone": "", "privacy_consent": true, "pin": "", "has_voted": true, "is_active": true, "session_token": "0ca0241a-efc5-4a42-9911-768b2d6102b5", "created_at": "2025-12-09T01:00:18.838Z", "updated_at": "2025-12-09T01:00:18.838Z"}}, {"model": "elections.voter", "pk": 7, "fields": {"voter_id": "HCAD-2834", "name": "Deyb Leyson", "batch_year": 2004, "campus_chapter": "Digos City", "email": "", "phone": "", "privacy_consent": true, "pin": "", "has_voted": true, "is_active": true, "session_token": "cf61d5af-76c2-4e94-b48e-3d123284045b", "created_at": "2025-12-09T01:01:41.944Z", "updated_at": "2025-12-09T01:01:41.944Z"}}, {"model": "elections.voter", "pk": 8, "fields": {"voter_id": "HCAD-0797", "name": "Jana del Rey", "batch_year": 1995, "campus_chapter": "Digos City", "email": "", "phone": "", "privacy_consent": true, "pin": "", "has_voted": true, "is_active": true, "session_token": "92d3daee-d705-4c30-9023-31574395023f", "created_at": "2025-12-09T01:02:57.965Z", "updated_at": "2025-12-09T01:02:57.965Z"}}, {"model": "elections.voter", "pk": 9, "fields": {"voter_id": "HCAD-6402", "name": "Maria Pukik", "batch_year": 2000, "campus_chapter": "Digos City", "email": "", "phone": "", "privacy_consent": true, "pin": "", "has_voted": true, "is_active": true, "session_token": "0961ee91-cfed-47e5-8bac-db382317337a", "created_at": "2025-12-09T01:03:57.860Z", "updated_at": "2025-12-09T01:03:57.860Z"}}, {"model": "elections.voter", "pk": 10, "fields": {"voter_id": "HCAD-1433", "name": "Deyb Jason", "batch_year": 2004, "campus_chapter": "Digos City", "email": "", "phone": "", "privacy_consent": true, "pin": "", "has_voted": false, "is_active": true, "session_token": "81efe5d5-3a12-4695-ba39-231969b136c6", "created_at": "2025-12-09T01:10:16.673Z", "updated_at": "2025-12-09T01:10:16.673Z"}}, {"model": "elections.voter", "pk": 11, "fields": {"voter_id": "HCAD-7596", "name": "nasharian25", "batch_year": 2005, "campus_chapter": "Digos City", "email": "", "phone": "", "privacy_consent": true, "pin": "", "has_voted": false, "is_active": true, "session_token": "984b716a-f872-4bed-a28c-39acb5de7e71", "created_at": "2025-12-09T02:22:47.806Z", "updated_at": "2025-12-09T02:22:47.806Z"}}, {"model": "elections.nomination", "pk": 1, "fields": {"election": 1, "position": 1, "nominator": 3, "nominee_full_name": "Bella Cruz", "nominee_batch_year": 1996, "nominee_campus_chapter": "Digos Chapter", "contact_email": "bella@example.com", "contact_phone": "09170000005", "reason": "Active alumna leader", "nominee_photo": "", "is_good_standing": true, "status": "rejected", "rejection_reason": "pangit", "promoted": false, "promoted_at": null, "created_at": "2025-12-09T00:47:20.219Z"}}, {"model": "elections.nomination", "pk": 2, "fields": {"election": 1, "position": 1, "nominator": 6, "nominee_full_name": "Butchokoy Kuto", "nominee_batch_year": 1997, "nominee_campus_chapter": "Digos City", "contact_email": "", "contact_phone": "", "reason": "Crush ko eh", "nominee_photo": "nominations/completeMS.png", "is_good_standing": true, "status": "promoted", "rejection_reason": "", "promoted": true, "promoted_at": "2025-12-09T01:01:21.793Z", "created_at": "2025-12-09T01:01:08.081Z"}}, {"model": "elections.nomination", "pk": 3, "fields": {"election": 1, "position": 4, "nominator": 7, "nominee_full_name": "Wenslee Villa Hermosa", "nominee_batch_year": 2001, "nominee_campus_chapter": "Digos City", "contact_email": "", "contact_phone": "", "reason": "cute", "nominee_photo": "", "is_good_standing": true, "status": "promoted", "rejection_reason": "", "promoted": true, "promoted_at": "2025-12-09T01:02:28.057Z", "created_at": "2025-12-09T01:02:19.390Z"}}, {"model": "elections.nomination", "pk": 4, "fields": {"election": 1, "position": 5, "nominator": 8, "nominee_full_name": "Guko", "nominee_batch_year": 1996, "nominee_campus_chapter": "Digos City", "contact_email": "", "contact_phone": "", "reason": "", "nominee_photo": "nominations/Screenshot_4.png", "is_good_standing": true, "status": "promoted", "rejection_reason": "", "promoted": true, "promoted_at": "2025-12-09T01:04:33.687Z", "created_at": "2025-12-09T01:03:24.071Z"}}, {"model": "elections.nomination", "pk": 5, "fields": {"election": 1, "position": 3, "nominator": 9, "nominee_full_name": "Princess Albiso", "nominee_batch_year": 1996, "nominee_campus_chapter": "Digos City", "contact_email": "", "contact_phone": "", "reason": "dancerist kasi", "nominee_photo": "", "is_good_standing": true, "status": "promoted", "rejection_reason": "", "promoted": true, "promoted_at": "2025-12-09T01:04:37.626Z", "created_at": "2025-12-09T01:04:22.790Z"}}, {"model": "elections.candidate", "pk": 1, "fields": {"position": 1, "full_name": "Anton Reyes", "batch_year": 1997, "campus_chapter": "Main Campus", "contact_email": "", "contact_phone": "", "bio": "", "photo": "candidates/Screenshot_6.png", "is_official": true, "source_nomination": null}}, {"model": "elections.candidate", "pk": 2, "fields": {"position": 1, "full_name": "Bella Cruz", "batch_year": 1996, "campus_chapter": "Digos Chapter", "contact_email": "", "contact_phone": "", "bio": "", "photo": "candidates/Screenshot_2.png", "is_official": true, "source_nomination": null}}, {"model": "elections.candidate", "pk": 3, "fields": {"position": 2, "full_name": "Carlo Lim", "batch_year": 2001, "campus_chapter": "Main Campus", "contact_email": "", "contact_phone": "", "bio": "", "photo": "", "is_official": true, "source_nomination": null}}, {"model": "elections.candidate", "pk": 4, "fields": {"position": 3, "full_name": "Dina Uy", "batch_year": 2000, "campus_chapter": "Manila Chapter", "contact_email": "", "contact_phone": "", "bio": "", "photo": "", "is_official": true, "source_nomination": null}}, {"model": "elections.candidate", "pk": 5, "fields": {"position": 4, "full_name": "Ella Tan", "batch_year": 2004, "campus_chapter": "Main Campus", "contact_email": "", "contact_phone": "", "bio": "", "photo": "", "is_official": true, "source_nomination": null}}, {"model": "elections.candidate", "pk": 6, "fields": {"position": 5, "full_name": "Felix Gomez", "batch_year": 2003, "campus_chapter": "Digos Chapter", "contact_email": "", "contact_phone": "", "bio": "", "photo": "", "is_official": true, "source_nomination": null}}, {"model": "elections.candidate", "pk": 7, "fields": {"position": 6, "full_name": "Grace Santos", "batch_year": 2002, "campus_chapter": "Main Campus", "contact_email": "", "contact_phone": "", "bio": "", "photo": "", "is_official": true, "source_nomination": null}}, {"model": "elections.candidate", "pk": 8, "fields": {"position": 7, "full_name": "Henry Ong", "batch_year": 2005, "campus_chapter": "USA Chapter", "contact_email": "", "contact_phone": "", "bio": "", "photo": "", "is_official": true, "source_nomination": null}}, {"model": "elections.candidate", "pk": 9, "fields": {"position": 1, "full_name": "Butchokoy Kuto", "batch_year": 1997, "campus_chapter": "Digos City", "contact_email": "", "contact_phone": "", "bio": "Crush ko eh", "photo": "nominations/completeMS.png", "is_official": true, "source_nomination": 2}}, {"model": "elections.candidate", "pk": 10, "fields": {"position": 4, "full_name": "Wenslee Villa Hermosa", "batch_year": 2001, "campus_chapter": "Digos City", "contact_email": "", "contact_phone": "", "bio": "cute", "photo": "", "is_official": true, "source_nomination": 3}}, {"model": "elections.candidate", "pk": 11, "fields": {"position": 5, "full_name": "Guko", "batch_year": 1996, "campus_chapter": "Digos City", "contact_email": "", "contact_phone": "", "bio": "", "photo": "nominations/Screenshot_4.png", "is_official": true, "source_nomination": 4}}, {"model": "elections.candidate", "pk": 12, "fields": {"position": 3, "full_name": "Princess Albiso", "batch_year": 1996, "campus_chapter": "Digos City", "contact_email": "", "contact_phone": "", "bio": "dancerist kasi", "photo": "", "is_official": true, "source_nomination": 5}}, {"model": "elections.vote", "pk": 1, "fields": {"voter": 6, "position": 1, "candidate": 9, "created_at": "2025-12-09T01:07:09.236Z"}}, {"model": "elections.vote", "pk": 2, "fields": {"voter": 6, "position": 2, "candidate": 3, "created_at": "2025-12-09T01:07:09.251Z"}}, {"model": "elections.vote", "pk": 3, "fields": {"voter": 6, "position": 3, "candidate": 12, "created_at": "2025-12-09T01:07:09.252Z"}}, {"model": "elections.vote", "pk": 4, "fields": {"voter": 6, "position": 4, "candidate": 10, "created_at": "2025-12-09T01:07:09.252Z"}}, {"model": "elections.vote", "pk": 5, "fields": {"voter": 6, "position": 5, "candidate": 11, "created_at": "2025-12-09T01:07:09.252Z"}}, {"model": "elections.vote", "pk": 6, "fields": {"voter": 6, "position": 6, "candidate": 7, "created_at": "2025-12-09T01:07:09.252Z"}}, {"model": "elections.vote", "pk": 7, "fields": {"voter": 6, "position": 7, "candidate": 8, "created_at": "2025-12-09T01:07:09.252Z"}}, {"model": "elections.vote", "pk": 8, "fields": {"voter": 7, "position": 1, "candidate": 9, "created_at": "2025-12-09T01:07:40.801Z"}}, {"model": "elections.vote", "pk": 9, "fields": {"voter": 7, "position": 2, "candidate": 3, "created_at": "2025-12-09T01:07:40.842Z"}}, {"model": "elections.vote", "pk": 10, "fields": {"voter": 7, "position": 3, "candidate": 12, "created_at": "2025-12-09T01:07:40.842Z"}}, {"model": "elections.vote", "pk": 11, "fields": {"voter": 7, "position": 4, "candidate": 5, "created_at": "2025-12-09T01:07:40.846Z"}}, {"model": "elections.vote", "pk": 12, "fields": {"voter": 7, "position": 5, "candidate": 6, "created_at": "2025-12-09T01:07:40.846Z"}}, {"model": "elections.vote", "pk": 13, "fields": {"voter": 7, "position": 6, "candidate": 7, "created_at": "2025-12-09T01:07:40.850Z"}}, {"model": "elections.vote", "pk": 14, "fields": {"voter": 7, "position": 7, "candidate": 8, "created_at": "2025-12-09T01:07:40.851Z"}}, {"model": "elections.vote", "pk": 15, "fields": {"voter": 8, "position": 1, "candidate": 2, "created_at": "2025-12-09T01:07:59.014Z"}}, {"model": "elections.vote", "pk": 16, "fields": {"voter": 8, "position": 2, "candidate": 3, "created_at": "2025-12-09T01:07:59.025Z"}}, {"model": "elections.vote", "pk": 17, "fields": {"voter": 8, "position": 3, "candidate": 12, "created_at": "2025-12-09T01:07:59.025Z"}}, {"model": "elections.vote", "pk": 18, "fields": {"voter": 8, "position": 4, "candidate": 10, "created_at": "2025-12-09T01:07:59.025Z"}}, {"model": "elections.vote", "pk": 19, "fields": {"voter": 8, "position": 5, "candidate": 11, "created_at": "2025-12-09T01:07:59.025Z"}}, {"model": "elections.vote", "pk": 20, "fields": {"voter": 8, "position": 6, "candidate": 7, "created_at": "2025-12-09T01:07:59.035Z"}}, {"model": "elections.vote", "pk": 21, "fields": {"voter": 8, "position": 7, "candidate": 8, "created_at": "2025-12-09T01:07:59.038Z"}}, {"model": "elections.vote", "pk": 22, "fields": {"voter": 9, "position": 1, "candidate": 1, "created_at": "2025-12-09T01:08:16.900Z"}}, {"model": "elections.vote", "pk": 23, "fields": {"voter": 9, "position": 2, "candidate": 3, "created_at": "2025-12-09T01:08:16.937Z"}}, {"model": "elections.vote", "pk": 24, "fields": {"voter": 9, "position": 3, "candidate": 4, "created_at": "2025-12-09T01:08:16.947Z"}}, {"model": "elections.vote", "pk": 25, "fields": {"voter": 9, "position": 4, "candidate": 5, "created_at": "2025-12-09T01:08:16.951Z"}}, {"model": "elections.vote", "pk": 26, "fields": {"voter": 9, "position": 5, "candidate": 6, "created_at": "2025-12-09T01:08:16.951Z"}}, {"model": "elections.vote", "pk": 27, "fields": {"voter": 9, "position": 6, "candidate": 7, "created_at": "2025-12-09T01:08:16.951Z"}}, {"model": "elections.vote", "pk": 28, "fields": {"voter": 9, "position": 7, "candidate": 8, "created_at": "2025-12-09T01:08:16.951Z"}}, {"model": "elections.notification", "pk": 1, "fields": {"type": "info", "message": "Quick login created voter 'Juan dela Cruz' batch 1997 (ID HCAD-4840).", "is_read": true, "is_hidden": false, "voter": null, "created_at": "2025-12-09T00:55:05.833Z"}}, {"model": "elections.notification", "pk": 2, "fields": {"type": "info", "message": "Quick login created voter 'EMERSON AGAN' batch 2004 (ID HCAD-4451).", "is_read": true, "is_hidden": false, "voter": null, "created_at": "2025-12-09T01:00:18.893Z"}}, {"model": "elections.notification", "pk": 3, "fields": {"type": "nomination_submitted", "message": "New nomination: Butchokoy Kuto for President by EMERSON AGAN (batch 2004)", "is_read": true, "is_hidden": false, "voter": null, "created_at": "2025-12-09T01:01:08.081Z"}}, {"model": "elections.notification", "pk": 4, "fields": {"type": "nomination_rejected", "message": "Nomination for Bella Cruz (President) was rejected: pangit", "is_read": true, "is_hidden": false, "voter": null, "created_at": "2025-12-09T01:01:20.495Z"}}, {"model": "elections.notification", "pk": 5, "fields": {"type": "nomination_rejected", "message": "Your nomination for Bella Cruz (President) was rejected: pangit", "is_read": true, "is_hidden": false, "voter": 3, "created_at": "2025-12-09T01:01:20.511Z"}}, {"model": "elections.notification", "pk": 6, "fields": {"type": "nomination_promoted", "message": "Your nomination for Butchokoy Kuto (President) was promoted.", "is_read": true, "is_hidden": false, "voter": 6, "created_at": "2025-12-09T01:01:21.793Z"}}, {"model": "elections.notification", "pk": 7, "fields": {"type": "info", "message": "Quick login created voter 'Deyb Leyson' batch 2004 (ID HCAD-2834).", "is_read": true, "is_hidden": false, "voter": null, "created_at": "2025-12-09T01:01:41.976Z"}}, {"model": "elections.notification", "pk": 8, "fields": {"type": "nomination_submitted", "message": "New nomination: Wenslee Villa Hermosa for Secretary by Deyb Leyson (batch 2004)", "is_read": true, "is_hidden": false, "voter": null, "created_at": "2025-12-09T01:02:19.440Z"}}, {"model": "elections.notification", "pk": 9, "fields": {"type": "nomination_promoted", "message": "Your nomination for Wenslee Villa Hermosa (Secretary) was promoted.", "is_read": true, "is_hidden": false, "voter": 7, "created_at": "2025-12-09T01:02:28.059Z"}}, {"model": "elections.notification", "pk": 10, "fields": {"type": "info", "message": "Quick login created voter 'Jana del Rey' batch 1995 (ID HCAD-0797).", "is_read": true, "is_hidden": false, "voter": null, "created_at": "2025-12-09T01:02:58.024Z"}}, {"model": "elections.notification", "pk": 11, "fields": {"type": "nomination_submitted", "message": "New nomination: Guko for Treasurer by Jana del Rey (batch 1995)", "is_read": true, "is_hidden": false, "voter": null, "created_at": "2025-12-09T01:03:24.109Z"}}, {"model": "elections.notification", "pk": 12, "fields": {"type": "info", "message": "Quick login created voter 'Maria Pukik' batch 2000 (ID HCAD-6402).", "is_read": true, "is_hidden": false, "voter": null, "created_at": "2025-12-09T01:03:57.967Z"}}, {"model": "elections.notification", "pk": 13, "fields": {"type": "nomination_submitted", "message": "New nomination: Princess Albiso for Vice President for External Affairs by Maria Pukik (batch 2000)", "is_read": true, "is_hidden": false, "voter": null, "created_at": "2025-12-09T01:04:22.833Z"}}, {"model": "elections.notification", "pk": 14, "fields": {"type": "nomination_promoted", "message": "Your nomination for Guko (Treasurer) was promoted.", "is_read": true, "is_hidden": false, "voter": 8, "created_at": "2025-12-09T01:04:33.691Z"}}, {"model": "elections.notification", "pk": 15, "fields": {"type": "nomination_promoted", "message": "Your nomination for Princess Albiso (Vice President for External Affairs) was promoted.", "is_read": true, "is_hidden": false, "voter": 9, "created_at": "2025-12-09T01:04:37.626Z"}}, {"model": "elections.notification", "pk": 16, "fields": {"type": "login", "message": "Voter 'EMERSON AGAN' batch 2004 signed in via quick entry.", "is_read": true, "is_hidden": false, "voter": null, "created_at": "2025-12-09T01:08:53.350Z"}}, {"model": "elections.notification", "pk": 17, "fields": {"type": "info", "message": "Quick login created voter 'Deyb Jason' batch 2004 (ID HCAD-1433).", "is_read": true, "is_hidden": false, "voter": null, "created_at": "2025-12-09T01:10:16.725Z"}}, {"model": "elections.notification", "pk": 18, "fields": {"type": "login", "message": "Voter 'EMERSON AGAN' batch 2004 signed in via quick entry.", "is_read": true, "is_hidden": false, "voter": null, "created_at": "2025-12-09T01:23:39.854Z"}}, {"model": "elections.notification", "pk": 19, "fields": {"type": "info", "message": "Quick login created voter 'nasharian25' batch 2005 (ID HCAD-7596).", "is_read": false, "is_hidden": false, "voter": null, "created_at": "2025-12-09T02:22:47.839Z"}}, {"model": "elections.accessgate", "pk": 1, "fields": {"name": "default", "passcode_hash": "pbkdf2_sha256$1000000$d0Oqy6kYSei7jQTv8Ut4kz$W3FohGXphlgnq7gFWIBqiECallxoCh2WFmxOyAfLmzM=", "version": 3, "updated_at": "2025-12-09T00:54:18.994Z"}}, {"model": "elections.accessgate", "pk": 2, "fields": {"name": "HCAD_ALUMNI_2025", "passcode_hash": "pbkdf2_sha256$1000000$ODGwr7QWDy9cLPBJAj2OAq$RTVfqeI1ax2D7EiONsCAz+IOAwwm7qATBtQA64u15CM=", "version": 2, "updated_at": "2025-12-09T00:57:17.600Z"}}]
